rece_id,ince_id,rece_nombre,rece_tipo,rece_fecha_salida,rece_tipo_recurso,rece_horometro_salida,rece_tipo_mision
372213892,319262231,AD1,4,2020-12-26 16:59:00,2,,
373782527,368320792,DM1,4,,2,,
359693581,333819051,AA111,4,2021-01-27 15:13:00,2,,
371272596,371272591,El Castaño,6,2021-04-04 10:55:00,1,,
371272597,371272591,CK2,21,2021-04-04 10:55:00,1,,
359693582,333819051,BHA10,5,2021-01-27 15:30:00,2,,
362029875,308016790,BA232,2,2020-11-19 14:41:00,1,,
362826240,354284680,BM312,8,2021-03-05 20:21:00,1,,
362826241,354284680,BM3110,8,2021-03-05 20:35:00,1,,
362826242,354284680,A31,6,2021-03-05 20:19:00,1,,
371272598,371272591,CK2,2,2021-04-05 09:00:00,1,,
358150123,319231122,BA10,2,2021-01-01 09:44:00,1,,
358150124,319231122,BA231,2,2021-01-01 09:44:00,1,,
378602741,375405697,SC1,6,2021-05-06 13:24:00,1,,
378602742,375405697,SC2,6,2021-05-06 12:52:00,1,,
377753482,253552680,H1,8,2020-01-20 18:21:00,1,,
377753483,253552680,146,8,2020-01-20 18:16:00,1,,
379382029,373238143,BA165,2,2021-04-20 06:49:00,1,,
358150125,319231122,AA19,4,2021-01-01 09:44:00,2,,
379382030,373238143,BA151,2,2021-04-20 07:27:00,1,,
379382031,373238143,BHA6,5,2021-04-20 07:53:00,2,,
379382032,373238143,AA16,4,2021-04-20 08:00:00,2,,
371332522,355022265,BM812,8,2021-03-06 10:30:00,1,,
371332523,355022265,BHM318,8,2021-03-06 10:32:00,1,,
371332524,355022265,CM311,8,2021-03-06 10:47:00,1,,
371332525,355022265,SB5,6,2021-03-06 10:26:00,1,,
371332526,355022265,BM811,8,2021-03-06 10:26:00,1,,
362826243,354284680,AV311,99,2021-03-05 20:28:00,1,,
374896099,328415060,W1,5,2020-12-25 18:58:00,2,,
372213893,319262231,Z6,4,2020-12-26 17:36:00,2,,
358150329,319574357,BA155,2,2021-01-01 10:57:00,1,,
358150330,319574357,BA166,2,2021-01-01 11:03:00,1,,
374140044,342428882,BA229,2,2021-02-12 19:52:00,1,,
374140045,342428882,I210 Berto Saez,6,2021-02-12 20:20:00,1,,
374140046,342428882,BA233,2,2021-02-12 20:58:00,1,,
374140047,342428882,BA239,2,2021-02-12 20:58:00,1,,
375546027,365287270,BA176,2,2021-03-19 14:54:00,1,,
358150331,319574357,AA15,4,2021-01-01 11:01:00,2,,
375546028,365287270,SA6,11,2021-03-19 15:17:00,1,,
375546029,365287270,BA151,2,2021-03-19 15:28:00,1,,
358150332,319574357,BHA5,5,2021-01-01 10:57:00,2,,
358150649,319231623,BA246,2,2021-01-01 11:32:00,1,,
358150650,319231623,BA235,2,2021-01-01 11:32:00,1,,
335616373,322771761,BA229,2,2021-01-04 15:36:00,1,,
335616374,322771761,BA234,2,2021-01-04 15:36:00,1,,
335616375,322771761,BA236,2,2021-01-04 15:36:00,1,,
335616376,322771761,S347 Daniel Opazo,6,2021-01-04 15:51:00,1,,
335616377,322771761,BA231,2,2021-01-04 15:53:00,1,,
335616378,322771761,BA240,2,2021-01-04 15:56:00,1,,
335616379,322771761,S343 Raul Aguayo,6,2021-01-04 15:58:00,1,,
379382126,372725168,BA150,2,2021-04-18 11:49:00,1,,
379382127,372725168,I101 Miguel Burboa,6,2021-04-18 11:58:00,1,,
379382128,372725168,BA179,2,2021-04-18 12:06:00,1,,
379635238,368018807,AM6,4,2021-03-19 13:25:00,2,,
374140048,342428882,BHA13,5,2021-02-12 19:54:00,2,,
374140049,342428882,BHA10,5,2021-02-12 19:55:00,2,,
374677720,372729953,BA240,2,2021-04-17 18:32:00,1,,
374677721,372729953,BA242,2,2021-04-17 18:50:00,1,,
374677722,372729953,BA237,2,2021-04-17 19:06:00,1,,
379382129,372725168,AA16,4,2021-04-18 11:49:00,2,,
379635239,368018807,AM5,4,2021-03-19 13:25:00,2,,
376847738,370474693,BA154,2,2021-04-05 19:49:00,1,,
376847739,370474693,I101 Miguel Burboa,6,2021-04-05 20:15:00,1,,
376847740,370474693,BA157,2,2021-04-05 20:20:00,1,,
376847741,370474693,SA6,11,2021-04-05 21:06:00,1,,
379635240,368018807,DM1,4,2021-03-20 09:00:00,2,,
379635241,368018807,DM1,4,,2,,
389085888,388723421,CAR,7,2021-11-23 09:42:00,1,,
389085889,388723421,SC1,6,2021-11-23 09:00:00,1,,
379382130,372725168,AA13,4,2021-04-18 11:56:00,2,,
379574571,308577636,BM614,8,2020-11-23 13:43:00,1,,
374896301,324460185,BM414,8,2020-12-26 01:00:00,1,,
374896302,324460185,SM419,8,2020-12-26 00:48:00,1,,
374896303,324460185,BM413,8,2020-12-26 00:53:00,1,,
379052679,317849151,BHM314,8,2020-12-28 18:00:00,1,,
374240583,355020291,BA246,2,2021-03-06 08:33:00,1,,
379574572,308577636,512B,8,2020-11-23 12:40:00,1,,
358150651,319231623,BHA10,5,2021-01-01 11:36:00,2,,
379052680,317849151,HK11,5,,2,,1.0
358150652,319231623,AA19,4,2021-01-01 11:37:00,2,,
379052681,317849151,AK11,4,,2,,1.0
374677723,372729953,BA234,2,2021-04-17 19:54:00,1,,
357362301,343463890,BA232,2,2021-02-13 20:33:00,1,,
357362302,343463890,BA-E6,2,2021-02-13 20:33:00,1,,
374521091,324602277,BM413,8,2021-01-13 21:40:00,1,,
374521092,324602277,CM313,8,2021-01-14 01:21:00,1,,
374521093,324602277,SB7,6,2021-01-13 21:38:00,1,,
374521279,324602582,BA168,2,2021-01-13 21:21:00,1,,
357362303,343463890,S343 Raul Aguayo,6,2021-02-13 20:49:00,1,,
357362335,337450454,BA180,2,2021-02-04 17:03:00,1,,
357362336,337450454,SA8,11,2021-02-04 17:03:00,1,,
357362337,337450454,I10 Milton Pardo,6,2021-02-04 17:13:00,1,,
291885387,276576496,AD2,4,2020-03-15 14:06:00,2,,
291885388,276576496,Z10,4,,2,,
291885389,276576496,Z1,4,,2,,
291885390,276576496,W5,5,,2,,
374140050,342428882,AA18,4,2021-02-12 19:59:00,2,,
374140051,342428882,AA19,4,2021-02-12 20:05:00,2,,
379052682,317849151,Z7,4,2020-12-28 17:54:00,2,,
357362338,337450454,BHA7,5,2021-02-04 17:08:00,2,,
