reap_id,ince_id,recu_id,inst_id_origen,inst_id_destino,apoy_id,reap_tipo_recurso,reap_cantidad_personas,reap_fecha_salida,reap_fecha_requerida,reap_pers_id_contacto,reap_fecha_requerida_inicio,reap_fecha_requerida_fin,reap_tipo_apoyo,reap_recu_id_contacto
5093266,5093215.0,,,5,5093265,3,10.0,,,3744444.0,2013-08-29,2013-08-31,,
5096187,5096177.0,,,7,5096186,3,13.0,,2013-10-01 12:00:00,3761178.0,2013-10-01,2013-10-04,,
5102130,5101541.0,3742785.0,13.0,7,5102129,3,13.0,,2013-10-13 12:00:00,3782113.0,2013-10-13,2013-10-15,,
5132085,5131823.0,,,5,5132084,7,,,2013-11-07 00:00:00,3744434.0,2013-11-07,2013-11-08,,
5140548,5139641.0,,,13,5140547,3,20.0,,2013-11-12 08:00:00,3745250.0,2013-11-12,2013-11-12,,
6261059,6260901.0,,,7,6261058,7,,,2014-12-10 17:09:00,,2014-12-09,2014-12-11,1.0,3747815.0
6297616,6293713.0,,,7,6297615,7,,,2014-12-16 10:01:00,,2014-12-16,2014-12-18,1.0,3745879.0
6346776,6333343.0,,,5,6346775,3,60.0,,2014-12-25 17:17:00,,2014-12-23,2014-12-28,1.0,51.0
6346777,6333343.0,,,5,6346775,7,,,2014-12-23 17:17:00,,2014-12-23,2014-12-28,1.0,51.0
6346818,6333343.0,,,5,6346817,7,,,2014-12-23 17:21:00,,2014-12-23,2014-12-28,1.0,51.0
6346819,6333343.0,,,5,6346817,7,,,2014-12-23 17:21:00,,2014-12-23,2014-12-28,1.0,51.0
6556668,6552035.0,3742890.0,13.0,6,6556666,3,13.0,2015-01-25 13:26:00,2015-01-25 13:00:00,,2015-01-25,2015-01-27,1.0,3753467.0
6392139,6390916.0,,13.0,5,6392138,3,20.0,,2015-01-02 17:25:00,,2015-01-02,2015-01-02,1.0,51.0
6440589,6438928.0,,,9,6440588,3,30.0,,2015-01-09 10:00:00,,2015-01-09,2015-01-14,1.0,3749466.0
6440590,6438928.0,,,9,6440588,6,,,2015-01-09 10:00:00,,2015-01-09,2015-01-14,1.0,3749466.0
6440591,6438928.0,,,9,6440588,7,,,2015-01-09 10:00:00,,2015-01-09,2015-01-13,1.0,3749466.0
6463721,6460301.0,,,7,6463720,3,23.0,,2015-01-12 22:43:00,,2015-01-12,2015-01-12,1.0,3745879.0
6466831,6453620.0,,,13,6466830,12,,,2015-01-13 10:25:00,,2015-01-13,2015-01-16,1.0,4212898.0
6481279,6453620.0,,,13,6481278,3,12.0,,2015-01-15 09:19:00,,2015-01-15,2015-01-18,1.0,131.0
6556667,6552035.0,3742192.0,5.0,6,6556666,3,9.0,2015-01-25 13:40:00,2015-01-25 13:00:00,,2015-01-25,2015-01-27,1.0,3753467.0
6703588,6700774.0,,,6,6703587,3,15.0,,2015-02-14 07:00:00,,2015-02-14,2015-02-15,1.0,3753467.0
7020991,7020069.0,,,6,7020990,3,15.0,,2015-04-06 09:00:00,,2015-04-06,2015-04-10,1.0,3751722.0
6547291,6545283.0,3742537.0,7.0,6,6547290,3,19.0,2015-01-24 08:30:00,2015-01-24 08:00:00,,2015-01-24,2015-01-26,1.0,3751757.0
6558794,6545283.0,,,6,6558793,7,,,2015-01-25 15:30:00,,2015-01-25,2015-01-27,1.0,3751722.0
6481280,6453620.0,3743504.0,12.0,13,6481278,3,13.0,2015-01-19 18:08:00,2015-01-20 09:19:00,,2015-01-18,2015-01-23,1.0,131.0
6531056,6512370.0,,,14,6531055,7,,,2015-01-22 13:11:00,,2015-01-22,2015-01-22,1.0,3750275.0
6596030,6582565.0,,,9,6596028,12,,,2015-01-31 12:32:00,,2015-01-31,2015-02-04,1.0,91.0
6547236,6545283.0,3742262.0,5.0,6,6547234,3,9.0,2015-01-23 07:00:00,2015-01-24 08:00:00,,2015-01-24,2015-01-26,1.0,3751757.0
6518427,6453620.0,,,13,6481278,3,4.0,,2015-01-20 10:49:00,,2015-01-19,2015-01-25,1.0,3745263.0
6596031,6589468.0,,,9,6596028,12,,,2015-01-31 12:32:00,,2015-01-31,2015-02-04,1.0,91.0
6549561,6545283.0,3742860.0,13.0,6,6549560,3,16.0,2015-01-24 07:00:00,2015-01-24 08:00:00,,2015-01-24,2015-01-26,1.0,3751722.0
6547235,6545283.0,3742785.0,13.0,6,6547234,3,15.0,2015-01-24 07:00:00,2015-01-24 08:00:00,,2015-01-24,2015-01-26,1.0,3751757.0
6537502,6512432.0,4465288.0,11.0,9,6537501,3,15.0,2015-01-22 09:00:00,2015-01-23 12:10:00,,2015-01-23,2015-01-26,1.0,3749466.0
6558795,6545283.0,,,6,6558793,7,,,2015-01-25 15:30:00,,2015-01-25,2015-01-27,1.0,3751722.0
6538429,6532177.0,3743419.0,11.0,10,6538428,3,4.0,2015-01-22 18:05:00,2015-01-21 20:30:00,,2015-01-21,2015-01-25,1.0,3746633.0
6980844,,,,5,6980841,6,,,2015-03-28 10:00:00,,2015-03-28,2015-03-31,2.0,51.0
6573148,6573072.0,3742860.0,13.0,6,6573147,3,16.0,2015-01-27 15:01:00,2015-01-27 14:50:00,,2015-01-27,2015-01-28,1.0,3751732.0
6558989,6558833.0,,,6,6558987,3,15.0,,2015-01-26 08:00:00,,2015-01-26,2015-01-28,1.0,3753467.0
6583683,6581593.0,,14.0,9,6583682,3,10.0,,2015-01-29 19:34:00,,2015-01-29,2015-01-31,1.0,91.0
6703589,6700774.0,,,6,6703587,3,15.0,,2015-02-14 07:00:00,,2015-02-14,2015-02-15,1.0,3753467.0
6594804,6590774.0,3748657.0,5.0,9,6594803,3,9.0,2015-01-30 13:47:00,2015-01-31 09:59:00,,2015-01-30,2015-02-06,1.0,91.0
6590012,6589216.0,6476622.0,8.0,9,6590011,7,,2015-01-29 16:58:00,2015-01-29 16:23:00,,2015-01-29,2015-01-29,1.0,91.0
6558961,6557504.0,,,6,6558960,3,20.0,,2015-01-26 08:00:00,,2015-01-26,2015-01-28,1.0,5485570.0
6559087,6558833.0,6136140.0,5.0,6,6558987,7,,2015-01-25 16:57:00,2015-01-26 17:00:00,,2015-01-26,2015-01-28,1.0,3753467.0
6558988,6558833.0,3742181.0,5.0,6,6558987,3,9.0,2015-01-25 16:45:00,2015-01-26 08:00:00,,2015-01-25,2015-01-28,1.0,3753467.0
6563170,6557504.0,,,6,6563169,3,15.0,,2015-01-26 10:00:00,,2015-01-26,2015-01-28,1.0,5485570.0
6538430,6532177.0,4465248.0,11.0,10,6538428,3,5.0,2015-01-22 18:05:00,2015-01-21 20:30:00,,2015-01-21,2015-01-25,1.0,3746633.0
6590013,6589216.0,4184589.0,8.0,9,6590011,3,14.0,2015-01-29 16:58:00,2015-01-29 16:23:00,,2015-01-29,2015-01-29,1.0,91.0
6573149,6573072.0,,,6,6573147,3,15.0,,2015-01-28 14:50:00,,2015-01-28,2015-01-30,1.0,3751732.0
6594842,6590774.0,,,9,6594841,7,,,2015-01-31 10:04:00,,2015-01-30,2015-02-06,1.0,91.0
6563344,6558833.0,3743470.0,11.0,6,6563342,3,6.0,2015-01-27 14:40:00,2015-01-26 11:00:00,,2015-01-26,2015-01-28,1.0,3753467.0
6563343,6558833.0,4465275.0,11.0,6,6563342,3,4.0,2015-01-27 14:40:00,2015-01-26 11:00:00,,2015-01-26,2015-01-28,1.0,3753467.0
6559089,6558833.0,,,6,6558987,12,,,2015-01-26 17:00:00,,2015-01-26,2015-01-28,1.0,3753467.0
6590670,6582147.0,4465248.0,11.0,10,6590669,3,5.0,2015-01-29 19:03:00,2015-01-29 17:46:00,,2015-01-29,2015-02-06,1.0,3746632.0
6573768,6573072.0,6287514.0,5.0,6,6573767,7,,2015-01-27 16:29:00,2015-01-27 16:20:00,,2015-01-27,2015-01-27,1.0,3751732.0
6573769,6573072.0,3742227.0,5.0,6,6573767,3,9.0,2015-01-27 17:01:00,2015-01-27 16:20:00,,2015-01-27,2015-01-27,1.0,3751732.0
6594805,6590774.0,,,9,6594803,6,,,2015-01-31 09:59:00,,2015-01-31,2015-01-31,1.0,91.0
6594988,6566544.0,3742276.0,5.0,9,6594803,3,9.0,2015-01-30 14:20:00,2015-01-31 04:09:00,,2015-01-30,2015-02-06,1.0,91.0
6604635,6603862.0,,,6,6604634,7,,,2015-01-31 16:51:00,,2015-01-31,2015-01-31,1.0,3751605.0
6686324,6685898.0,,,6,6686323,7,,,2015-02-12 08:00:00,,2015-02-12,2015-02-14,1.0,3751722.0
6604462,6603862.0,,,6,6604460,7,,,2015-01-31 16:12:00,,2015-01-31,2015-01-31,1.0,3751605.0
6605228,6603862.0,,,6,6605226,3,15.0,,2015-02-01 08:00:00,,2015-02-01,2015-02-03,1.0,3751605.0
6605229,6603862.0,,,6,6605226,3,15.0,,2015-02-01 08:00:00,,2015-02-01,2015-02-03,1.0,3751605.0
6594990,6566544.0,3742845.0,13.0,9,6594803,3,16.0,2015-01-30 12:45:00,2015-01-30 04:09:00,,2015-01-30,2015-02-06,1.0,91.0
6605227,6603862.0,3742905.0,13.0,6,6605226,3,10.0,2015-02-01 10:34:00,2015-02-01 08:00:00,,2015-02-01,2015-02-03,1.0,3751605.0
6584198,6581593.0,,,9,6583682,3,10.0,,2015-01-29 19:34:00,,2015-01-29,2015-01-31,1.0,91.0
6594996,6566544.0,3743470.0,11.0,9,6594803,3,6.0,2015-01-30 10:37:00,2015-01-31 04:09:00,,2015-01-31,2015-01-31,1.0,91.0
6594998,6566544.0,4465275.0,11.0,9,6594803,3,4.0,2015-01-30 10:37:00,2015-01-31 04:09:00,,2015-01-30,2015-02-06,1.0,91.0
6686325,6685898.0,,,6,6686323,7,,,2015-02-12 08:00:00,,2015-02-12,2015-02-14,1.0,3751722.0
6689343,6685837.0,,,6,6689342,3,15.0,,2015-02-12 11:00:00,,2015-02-12,2015-02-12,1.0,3751605.0
6604205,6603862.0,6136140.0,5.0,6,6604204,7,,2015-01-31 16:52:00,2015-02-01 15:50:00,,2015-02-01,2015-02-01,1.0,3751605.0
7046045,6966221.0,3743366.0,10.0,9,7046044,3,13.0,2015-04-11 16:35:00,2015-04-11 19:17:00,,2015-04-11,2015-04-18,1.0,91.0
6604461,6603862.0,3742237.0,5.0,6,6604460,3,9.0,2015-01-31 16:52:00,2015-01-31 16:12:00,,2015-01-31,2015-01-31,1.0,3751605.0
7020992,7020069.0,,,6,7020990,7,,,2015-04-06 09:00:00,,2015-04-06,2015-04-07,1.0,3751722.0
6734600,6732129.0,,,13,6734598,7,,,2015-02-18 08:00:00,,2015-02-18,2015-02-18,1.0,3745263.0
6594994,6566544.0,3743073.0,8.0,9,6594803,3,11.0,2015-01-31 09:15:00,2015-01-31 04:09:00,,2015-01-30,2015-02-06,1.0,91.0
6696154,6693449.0,,,5,6696152,7,,,2015-02-13 08:00:00,,2015-02-13,2015-02-16,1.0,3744645.0
6618938,6615812.0,,,10,6618937,7,,,2015-02-03 15:09:00,,2015-02-03,2015-02-03,1.0,3746561.0
6769612,,,,9,6769611,12,,,2015-02-22 14:33:00,,2015-02-22,2015-02-27,2.0,91.0
7058326,6966221.0,,6.0,9,7049573,12,,,2015-04-13 08:59:00,,2015-04-13,2015-04-20,1.0,91.0
6636038,6634536.0,,,11,6636037,7,,,2015-02-05 12:00:00,,2015-02-05,2015-02-09,1.0,3746777.0
6594992,6566544.0,3800981.0,7.0,9,6594803,3,14.0,2015-01-30 09:30:00,2015-01-31 04:09:00,,2015-01-30,2015-02-06,1.0,91.0
6749891,6727759.0,,11.0,9,6748972,12,,,2015-02-17 11:56:00,,2015-02-17,2015-02-24,1.0,3749466.0
6647369,6597802.0,,,10,6647368,12,,,2015-02-07 12:11:00,,2015-02-07,2015-02-15,1.0,3745893.0
6700901,6696488.0,,,7,6700900,3,12.0,,2015-02-14 12:37:00,,2015-02-13,2015-02-17,1.0,3745759.0
6619154,6615812.0,6357581.0,8.0,10,6618937,7,,2015-02-03 08:08:00,2015-02-03 15:37:00,,2015-02-02,2015-02-04,1.0,3746561.0
6749893,6727759.0,,11.0,9,6748972,12,,,2015-02-17 11:56:00,,2015-02-17,2015-02-24,1.0,3749466.0
6700902,6696488.0,,,7,6700900,3,12.0,,2015-02-14 12:37:00,,2015-02-13,2015-02-17,1.0,3745759.0
6700903,6696488.0,,,7,6700900,3,12.0,,2015-02-14 12:37:00,,2015-02-13,2015-02-17,1.0,3745759.0
6771312,6763204.0,,,10,6771311,3,20.0,,2015-02-24 20:03:00,,2015-02-24,2015-03-05,1.0,3746609.0
6647387,6597802.0,,,10,6647386,12,,,2015-02-07 12:14:00,,2015-02-07,2015-02-15,1.0,3745893.0
6616955,6615812.0,4655660.0,9.0,10,6616954,7,,2015-02-02 14:06:00,2015-02-02 10:30:00,,2015-02-02,2015-02-04,1.0,3747524.0
6624569,6597802.0,6191979.0,8.0,10,6624568,7,,2015-02-03 08:08:00,2015-02-03 10:51:00,,2015-02-03,2015-02-13,1.0,3745893.0
6678619,6597802.0,,,10,6678618,3,20.0,,2015-02-12 19:49:00,,2015-02-12,2015-02-18,1.0,3746633.0
6608160,6582147.0,3743436.0,11.0,10,6608159,3,10.0,2015-02-04 08:00:00,2015-02-04 11:00:00,,2015-02-04,2015-02-15,1.0,3745893.0
6771325,6731029.0,,,10,6771324,3,20.0,,2015-02-24 20:13:00,,2015-02-24,2015-03-05,1.0,3746609.0
7058328,6966221.0,,12.0,9,7049573,12,,,2015-04-13 08:59:00,,2015-04-13,2015-04-14,1.0,91.0
6700035,6693449.0,3742815.0,13.0,5,6700034,3,14.0,2015-02-13 10:59:00,2015-02-13 13:00:00,,2015-02-13,2015-02-15,1.0,51.0
6781967,6778058.0,3743436.0,11.0,9,6769611,3,9.0,2015-02-24 12:59:00,2015-02-23 05:52:00,,2015-02-23,2015-03-04,1.0,3749466.0
6711132,6727759.0,4465288.0,11.0,9,6711130,3,4.0,2015-02-19 15:36:00,2015-02-14 17:44:00,,2015-02-14,2015-02-25,1.0,3749466.0
